-- Sample Data for Food Delivery App
-- This file contains sample data to populate the database for testing

-- Insert food categories
INSERT INTO public.food_categories (id, name, description, image_url, sort_order) VALUES
('550e8400-e29b-41d4-a716-446655440001', 'Pizza', 'Delicious pizzas with various toppings', 'https://via.placeholder.com/150x150/FF6B6B/FFFFFF?text=Pizza', 1),
('550e8400-e29b-41d4-a716-446655440002', 'Burgers', 'Juicy burgers and sandwiches', 'https://via.placeholder.com/150x150/4ECDC4/FFFFFF?text=Burger', 2),
('550e8400-e29b-41d4-a716-446655440003', 'Sushi', 'Fresh sushi and Japanese cuisine', 'https://via.placeholder.com/150x150/45B7D1/FFFFFF?text=Sushi', 3),
('550e8400-e29b-41d4-a716-446655440004', 'Indian', 'Authentic Indian dishes and curries', 'https://via.placeholder.com/150x150/F39C12/FFFFFF?text=Indian', 4),
('550e8400-e29b-41d4-a716-446655440005', 'Chinese', 'Traditional Chinese cuisine', 'https://via.placeholder.com/150x150/E74C3C/FFFFFF?text=Chinese', 5),
('550e8400-e29b-41d4-a716-446655440006', 'Desserts', 'Sweet treats and desserts', 'https://via.placeholder.com/150x150/9B59B6/FFFFFF?text=Dessert', 6);

-- Insert restaurants
INSERT INTO public.restaurants (id, name, description, image_url, cover_image_url, cuisine_type, rating, delivery_time_min, delivery_time_max, delivery_fee, minimum_order, address, phone, opening_hours) VALUES
('550e8400-e29b-41d4-a716-446655440010', 'Pizza Palace', 'Authentic Italian pizzas made with fresh ingredients', 'https://via.placeholder.com/300x200/FF6B6B/FFFFFF?text=Pizza+Palace', 'https://via.placeholder.com/600x300/FF6B6B/FFFFFF?text=Pizza+Palace+Cover', 'Italian', 4.5, 25, 35, 2.99, 15.00, '123 Main St, Downtown', '+1-555-0101', '{"monday": "11:00-23:00", "tuesday": "11:00-23:00", "wednesday": "11:00-23:00", "thursday": "11:00-23:00", "friday": "11:00-24:00", "saturday": "11:00-24:00", "sunday": "12:00-22:00"}'),
('550e8400-e29b-41d4-a716-446655440011', 'Burger Barn', 'Gourmet burgers and crispy fries', 'https://via.placeholder.com/300x200/4ECDC4/FFFFFF?text=Burger+Barn', 'https://via.placeholder.com/600x300/4ECDC4/FFFFFF?text=Burger+Barn+Cover', 'American', 4.3, 20, 30, 1.99, 12.00, '456 Oak Ave, Midtown', '+1-555-0102', '{"monday": "10:00-22:00", "tuesday": "10:00-22:00", "wednesday": "10:00-22:00", "thursday": "10:00-22:00", "friday": "10:00-23:00", "saturday": "10:00-23:00", "sunday": "11:00-21:00"}'),
('550e8400-e29b-41d4-a716-446655440012', 'Sushi Spot', 'Fresh sushi and Japanese delicacies', 'https://via.placeholder.com/300x200/45B7D1/FFFFFF?text=Sushi+Spot', 'https://via.placeholder.com/600x300/45B7D1/FFFFFF?text=Sushi+Spot+Cover', 'Japanese', 4.7, 30, 45, 3.99, 20.00, '789 Pine St, Uptown', '+1-555-0103', '{"monday": "17:00-22:00", "tuesday": "17:00-22:00", "wednesday": "17:00-22:00", "thursday": "17:00-22:00", "friday": "17:00-23:00", "saturday": "17:00-23:00", "sunday": "17:00-21:00"}'),
('550e8400-e29b-41d4-a716-446655440013', 'Spice Garden', 'Authentic Indian cuisine with traditional spices', 'https://via.placeholder.com/300x200/F39C12/FFFFFF?text=Spice+Garden', 'https://via.placeholder.com/600x300/F39C12/FFFFFF?text=Spice+Garden+Cover', 'Indian', 4.4, 35, 50, 2.49, 18.00, '321 Curry Lane, Little India', '+1-555-0104', '{"monday": "11:30-14:30,17:30-22:00", "tuesday": "11:30-14:30,17:30-22:00", "wednesday": "11:30-14:30,17:30-22:00", "thursday": "11:30-14:30,17:30-22:00", "friday": "11:30-14:30,17:30-22:30", "saturday": "11:30-14:30,17:30-22:30", "sunday": "12:00-15:00,17:30-21:30"}'),
('550e8400-e29b-41d4-a716-446655440014', 'Dragon Wok', 'Traditional Chinese dishes and stir-fries', 'https://via.placeholder.com/300x200/E74C3C/FFFFFF?text=Dragon+Wok', 'https://via.placeholder.com/600x300/E74C3C/FFFFFF?text=Dragon+Wok+Cover', 'Chinese', 4.2, 25, 40, 2.99, 16.00, '654 Bamboo St, Chinatown', '+1-555-0105', '{"monday": "11:00-21:30", "tuesday": "11:00-21:30", "wednesday": "11:00-21:30", "thursday": "11:00-21:30", "friday": "11:00-22:00", "saturday": "11:00-22:00", "sunday": "12:00-21:00"}');

-- Insert food items for Pizza Palace
INSERT INTO public.food_items (id, restaurant_id, category_id, name, description, image_url, price, is_vegetarian, spice_level, preparation_time, ingredients) VALUES
('550e8400-e29b-41d4-a716-446655440020', '550e8400-e29b-41d4-a716-446655440010', '550e8400-e29b-41d4-a716-446655440001', 'Margherita Pizza', 'Classic pizza with fresh mozzarella, tomato sauce, and basil', 'https://via.placeholder.com/300x200/FF6B6B/FFFFFF?text=Margherita', 14.99, true, 0, 20, '{"Tomato sauce", "Mozzarella cheese", "Fresh basil", "Olive oil"}'),
('550e8400-e29b-41d4-a716-446655440021', '550e8400-e29b-41d4-a716-446655440010', '550e8400-e29b-41d4-a716-446655440001', 'Pepperoni Pizza', 'Traditional pizza with pepperoni and mozzarella cheese', 'https://via.placeholder.com/300x200/FF6B6B/FFFFFF?text=Pepperoni', 16.99, false, 1, 22, '{"Tomato sauce", "Mozzarella cheese", "Pepperoni", "Oregano"}'),
('550e8400-e29b-41d4-a716-446655440022', '550e8400-e29b-41d4-a716-446655440010', '550e8400-e29b-41d4-a716-446655440001', 'Quattro Stagioni', 'Four seasons pizza with mushrooms, artichokes, ham, and olives', 'https://via.placeholder.com/300x200/FF6B6B/FFFFFF?text=Quattro', 19.99, false, 1, 25, '{"Tomato sauce", "Mozzarella cheese", "Mushrooms", "Artichokes", "Ham", "Olives"}');

-- Insert food items for Burger Barn
INSERT INTO public.food_items (id, restaurant_id, category_id, name, description, image_url, price, is_vegetarian, spice_level, preparation_time, ingredients) VALUES
('550e8400-e29b-41d4-a716-446655440030', '550e8400-e29b-41d4-a716-446655440011', '550e8400-e29b-41d4-a716-446655440002', 'Classic Cheeseburger', 'Juicy beef patty with cheese, lettuce, tomato, and special sauce', 'https://via.placeholder.com/300x200/4ECDC4/FFFFFF?text=Cheeseburger', 12.99, false, 1, 15, '{"Beef patty", "Cheddar cheese", "Lettuce", "Tomato", "Onion", "Special sauce", "Sesame bun"}'),
('550e8400-e29b-41d4-a716-446655440031', '550e8400-e29b-41d4-a716-446655440011', '550e8400-e29b-41d4-a716-446655440002', 'Veggie Burger', 'Plant-based patty with avocado, sprouts, and herb mayo', 'https://via.placeholder.com/300x200/4ECDC4/FFFFFF?text=Veggie+Burger', 11.99, true, 0, 12, '{"Plant-based patty", "Avocado", "Sprouts", "Tomato", "Herb mayo", "Whole wheat bun"}'),
('550e8400-e29b-41d4-a716-446655440032', '550e8400-e29b-41d4-a716-446655440011', '550e8400-e29b-41d4-a716-446655440002', 'Crispy Chicken Burger', 'Crispy fried chicken with coleslaw and spicy mayo', 'https://via.placeholder.com/300x200/4ECDC4/FFFFFF?text=Chicken+Burger', 13.99, false, 2, 18, '{"Fried chicken breast", "Coleslaw", "Spicy mayo", "Pickles", "Brioche bun"}');

-- Insert food items for Sushi Spot
INSERT INTO public.food_items (id, restaurant_id, category_id, name, description, image_url, price, is_vegetarian, spice_level, preparation_time, ingredients) VALUES
('550e8400-e29b-41d4-a716-446655440040', '550e8400-e29b-41d4-a716-446655440012', '550e8400-e29b-41d4-a716-446655440003', 'California Roll', 'Crab, avocado, and cucumber roll with sesame seeds', 'https://via.placeholder.com/300x200/45B7D1/FFFFFF?text=California+Roll', 8.99, false, 0, 10, '{"Crab meat", "Avocado", "Cucumber", "Nori", "Sushi rice", "Sesame seeds"}'),
('550e8400-e29b-41d4-a716-446655440041', '550e8400-e29b-41d4-a716-446655440012', '550e8400-e29b-41d4-a716-446655440003', 'Salmon Nigiri', 'Fresh salmon over seasoned sushi rice (2 pieces)', 'https://via.placeholder.com/300x200/45B7D1/FFFFFF?text=Salmon+Nigiri', 6.99, false, 0, 5, '{"Fresh salmon", "Sushi rice", "Wasabi"}'),
('550e8400-e29b-41d4-a716-446655440042', '550e8400-e29b-41d4-a716-446655440012', '550e8400-e29b-41d4-a716-446655440003', 'Vegetable Tempura Roll', 'Crispy vegetable tempura with avocado and cucumber', 'https://via.placeholder.com/300x200/45B7D1/FFFFFF?text=Veggie+Tempura', 9.99, true, 0, 12, '{"Mixed vegetables", "Tempura batter", "Avocado", "Cucumber", "Nori", "Sushi rice"}');

-- Insert food items for Spice Garden
INSERT INTO public.food_items (id, restaurant_id, category_id, name, description, image_url, price, is_vegetarian, spice_level, preparation_time, ingredients) VALUES
('550e8400-e29b-41d4-a716-446655440050', '550e8400-e29b-41d4-a716-446655440013', '550e8400-e29b-41d4-a716-446655440004', 'Chicken Tikka Masala', 'Tender chicken in creamy tomato-based curry sauce', 'https://via.placeholder.com/300x200/F39C12/FFFFFF?text=Tikka+Masala', 15.99, false, 3, 25, '{"Chicken breast", "Tomato sauce", "Cream", "Onions", "Garam masala", "Ginger", "Garlic"}'),
('550e8400-e29b-41d4-a716-446655440051', '550e8400-e29b-41d4-a716-446655440013', '550e8400-e29b-41d4-a716-446655440004', 'Palak Paneer', 'Cottage cheese cubes in spiced spinach gravy', 'https://via.placeholder.com/300x200/F39C12/FFFFFF?text=Palak+Paneer', 13.99, true, 2, 20, '{"Paneer", "Spinach", "Onions", "Tomatoes", "Cream", "Cumin", "Coriander"}'),
('550e8400-e29b-41d4-a716-446655440052', '550e8400-e29b-41d4-a716-446655440013', '550e8400-e29b-41d4-a716-446655440004', 'Biryani', 'Fragrant basmati rice with spiced chicken and herbs', 'https://via.placeholder.com/300x200/F39C12/FFFFFF?text=Biryani', 17.99, false, 3, 35, '{"Basmati rice", "Chicken", "Saffron", "Fried onions", "Mint", "Yogurt", "Biryani spices"}');

-- Insert food items for Dragon Wok
INSERT INTO public.food_items (id, restaurant_id, category_id, name, description, image_url, price, is_vegetarian, spice_level, preparation_time, ingredients) VALUES
('550e8400-e29b-41d4-a716-446655440060', '550e8400-e29b-41d4-a716-446655440014', '550e8400-e29b-41d4-a716-446655440005', 'Sweet and Sour Pork', 'Crispy pork with bell peppers in sweet and sour sauce', 'https://via.placeholder.com/300x200/E74C3C/FFFFFF?text=Sweet+Sour+Pork', 14.99, false, 1, 18, '{"Pork", "Bell peppers", "Pineapple", "Sweet and sour sauce", "Onions"}'),
('550e8400-e29b-41d4-a716-446655440061', '550e8400-e29b-41d4-a716-446655440014', '550e8400-e29b-41d4-a716-446655440005', 'Kung Pao Chicken', 'Spicy stir-fried chicken with peanuts and vegetables', 'https://via.placeholder.com/300x200/E74C3C/FFFFFF?text=Kung+Pao', 13.99, false, 4, 15, '{"Chicken", "Peanuts", "Dried chilies", "Sichuan peppercorns", "Vegetables", "Soy sauce"}'),
('550e8400-e29b-41d4-a716-446655440062', '550e8400-e29b-41d4-a716-446655440014', '550e8400-e29b-41d4-a716-446655440005', 'Vegetable Lo Mein', 'Soft noodles stir-fried with mixed vegetables', 'https://via.placeholder.com/300x200/E74C3C/FFFFFF?text=Lo+Mein', 11.99, true, 1, 12, '{"Lo mein noodles", "Mixed vegetables", "Soy sauce", "Sesame oil", "Garlic", "Ginger"}');

-- Insert sample coupons
INSERT INTO public.coupons (id, code, description, discount_type, discount_value, minimum_order_amount, maximum_discount_amount, usage_limit, valid_from, valid_until) VALUES
('550e8400-e29b-41d4-a716-446655440070', 'WELCOME10', 'Welcome offer - 10% off your first order', 'percentage', 10.00, 15.00, 5.00, 1000, NOW(), NOW() + INTERVAL '30 days'),
('550e8400-e29b-41d4-a716-446655440071', 'SAVE5', '$5 off orders over $25', 'fixed', 5.00, 25.00, NULL, 500, NOW(), NOW() + INTERVAL '15 days'),
('550e8400-e29b-41d4-a716-446655440072', 'FREEDELIV', 'Free delivery on orders over $30', 'fixed', 2.99, 30.00, NULL, 200, NOW(), NOW() + INTERVAL '7 days');